Station Id,Station,Précédent,Suivant,Temps entre 2 stations,Temps de Changement
1,Porte Maillot,,2,2,
2,Argentine,1,3,5,
3,Charles de Gaulle - Etoile,2,4,4,4
4,George V,3,5,3,
5,Franklin D. Roosevelt,4,6,2,
6,Champs-Elysées - Clemenceau,5,7,2,
7,Concorde,6,8,1,
8,Tuileries,7,9,4,
9,Palais Royal - Musée du Louvre,8,10,3,
10,Louvre - Rivoli,9,11,4,
11,Châtelet,10,12,1,4
12,Hôtel de Ville,11,13,5,
13,Saint-Paul (Le Marais),12,14,4,
14,Bastille,13,15,2,4
15,Gare de Lyon,14,16,2,4
16,Reuilly - Diderot,15,17,2,
17,Nation,16,18,2,4
18,Porte de Vincennes,17,19,3,
19,Château de Vincennes,18,,1,
20,Porte Dauphine,,21,3,
21,Victor Hugo,20,22,2,
22,Charles de Gaulle - Etoile,21,23,3,4
23,Ternes,22,24,2,
24,Courcelles,23,25,2,
25,Monceau,24,26,2,
26,Villiers,25,27,3,
27,Rome,26,28,4,
28,Place de Clichy,27,29,2,
29,Blanche,28,30,3,
30,Pigalle,29,31,3,
31,Anvers,30,32,1,
32,Barbès - Rochechouart,31,33,3,
33,La Chapelle,32,34,2,
34,Stalingrad,33,35,1,
35,Jaurès,34,36,5,
36,Colonel Fabien,35,37,5,
37,Belleville,36,38,4,
38,Couronnes,37,39,2,
39,Ménilmontant,38,40,1,
40,Père Lachaise,39,41,3,
41,Philippe Auguste,40,42,3,
42,Alexandre Dumas,41,43,2,
43,Avron,42,44,3,
44,Nation,43,,2,
45,Porte de Champerret,,46,1,
46,Pereire,45,47,5,
47,Wagram,46,48,2,
48,Malesherbes,47,49,3,
49,Villiers,48,50,2,
50,Europe,49,51,3,
51,Saint-Lazare,50,52,3,4
52,Havre-Caumartin,51,53,2,
53,Opéra,52,54,5,
54,Quatre Septembre,53,55,4,
55,Bourse,54,56,5,
56,Sentier,55,57,4,
57,Réaumur - Sébastopol,56,58,3,
58,Arts et Métiers,57,59,5,
59,Temple,58,60,1,
60,République,59,61,2,4
61,Parmentier,60,62,1,
62,Rue Saint-Maur,61,63,2,
63,Père Lachaise,62,64,2,
64,Gambetta,63,65,2,
65,Porte de Bagnolet,64,,,
66,Porte des Lilas,,67,4,
67,Saint-Fargeau,66,68,2,
68,Pelleport,67,69,2,
69,Gambetta,68,,,
70,Porte de Clignancourt,,71,3,
71,Simplon,70,72,2,
72,Marcadet - Poissonniers,71,73,4,
73,Château Rouge,72,74,1,
74,Barbès - Rochechouart,73,75,5,
75,Gare du Nord,74,76,4,
76,Gare de l'Est,75,77,2,
77,Château d'Eau,76,78,1,
78,Strasbourg - Saint-Denis,77,79,4,
79,Réaumur - Sébastopol,78,80,4,
80,Etienne Marcel,79,81,4,
81,Les Halles,80,82,4,
82,Châtelet,81,83,1,4
83,Cité,82,84,2,
84,Saint-Michel,83,85,2,
85,Odéon,84,86,4,
86,Saint-Germain-des-Prés,85,87,3,
87,Saint-Sulpice,86,88,2,
88,Saint-Placide,87,89,1,
89,Montparnasse Bienvenue,88,90,2,
90,Vavin,89,91,2,
91,Raspail,90,92,4,
92,Denfert-Rochereau,91,93,3,
93,Mouton-Duvernet,92,94,4,
94,Alésia,93,95,3,
95,Porte d'Orléans,94,,,
96,Porte de Pantin,,97,2,
97,Ourcq,96,98,4,
98,Laumière,97,99,4,
99,Jaurès,98,100,3,
100,Stalingrad,99,101,4,
101,Gare du Nord,100,102,3,
102,Gare de l'Est,101,103,3,
103,Jacques Bonsergent,102,104,3,
104,République,103,105,1,4
105,Oberkampf,104,106,2,
106,Richard-Lenoir,105,107,1,
107,Bréguet-Sabin,106,108,3,
108,Bastille,107,109,2,4
109,Quai de la Rapée,108,110,3,
110,Gare d'Austerlitz,109,111,5,
111,Saint-Marcel,110,112,2,
112,Campo-Formio,111,113,3,
113,Place d'Italie,112,,,
114,Charles de Gaulle - Etoile,,115,4,4
115,Kléber,114,116,2,
116,Boissière,115,117,1,
117,Trocadéro,116,118,2,
118,Passy,117,119,2,
119,Bir-Hakeim,118,120,5,
120,Dupleix,119,121,4,
121,La Motte-Picquet - Grenelle,120,122,3,
122,Cambronne,121,123,4,
123,Sèvres-Lecourbe,122,124,4,
124,Pasteur,123,125,2,
125,Montparnasse Bienvenue,124,126,4,
126,Edgar Quinet,125,127,3,
127,Raspail,126,128,4,
128,Denfert-Rochereau,127,129,4,
129,Saint-Jacques,128,130,2,
130,Glacière,129,131,2,
131,Corvisart,130,132,2,
132,Place d'Italie,131,133,3,
133,Nationale,132,134,4,
134,Chevaleret,133,135,4,
135,Quai de la Gare,134,136,1,
136,Bercy,135,137,3,
137,Dugommier,136,138,3,
138,Daumesnil,137,139,2,
139,Bel-Air,138,140,2,
140,Picpus,139,141,2,
141,Nation,140,,,
142,Porte de la Villette,,143,5,
143,Corentin Cariou,142,144,2,
144,Crimée,143,145,3,
145,Riquet,144,146,4,
146,Stalingrad,145,147,2,
147,Louis Blanc,146,148,5,
148,Château Landon,147,149,5,
149,Gare de l'Est,148,150,2,
150,Poissonnière,149,151,3,
151,Cadet,150,152,2,
152,Le Peletier,151,153,2,
153,Chaussée d'Antin - La Fayette,152,154,1,
154,Opéra,153,155,3,
155,Pyramides,154,156,3,
156,Palais Royal - Musée du Louvre,155,157,1,
157,Pont Neuf,156,158,2,
158,Châtelet,157,159,5,4
159,Pont Marie (Cité des Arts),158,160,2,
160,Sully - Morland,159,161,2,
161,Jussieu,160,162,3,
162,Place Monge,161,163,5,
163,Censier - Daubenton,162,164,2,
164,Les Gobelins,163,165,3,
165,Place d'Italie,164,166,4,
166,Tolbiac,165,167,2,
167,Maison Blanche,166,168,4,
168,Porte d'Italie,167,169,2,
169,Porte de Choisy,168,170,3,
170,Porte d'Ivry,169,171,3,
171,Maison Blanche,170,,,
172,Louis Blanc,,173,3,
173,Jaurès,172,174,1,
174,Bolivar,173,175,4,
175,Buttes Chaumont,174,176,2,
176,Botzaris,175,177,2,
177,Place des Fêtes,176,178,1,
178,Pré-Saint-Gervais,177,179,3,
179,Danube,178,180,3,
180,Botzaris,179,,,
181,Balard,,182,1,
182,Lourmel,181,183,3,
183,Boucicaut,182,184,2,
184,Félix Faure,183,185,3,
185,Commerce,184,186,2,
186,La Motte-Picquet - Grenelle,185,187,3,
187,Ecole Militaire,186,188,2,
188,La Tour-Maubourg,187,189,5,
189,Invalides,188,190,2,
190,Concorde,189,191,2,
191,Madeleine,190,192,2,
192,Opéra,191,193,5,
193,Richelieu - Drouot,192,194,4,
194,Grands Boulevards,193,195,2,
195,Bonne Nouvelle,194,196,3,
196,Strasbourg - Saint-Denis,195,197,4,
197,République,196,198,3,4
198,Filles du Calvaire,197,199,3,
199,Saint-Sébastien - Froissart,198,200,2,
200,Chemin Vert,199,201,1,
201,Bastille,200,202,4,4
202,Ledru-Rollin,201,203,5,
203,Faidherbe - Chaligny,202,204,3,
204,Reuilly - Diderot,203,205,2,
205,Montgallet,204,206,2,
206,Daumesnil,205,207,4,
207,Michel Bizot,206,208,4,
208,Porte Dorée,207,209,4,
209,Porte de Charenton,208,,,
210,Porte de Saint-Cloud,,211,4,
211,Exelmans,210,212,3,
212,Michel-Ange - Molitor,211,213,1,
213,Michel-Ange - Auteuil,212,214,2,
214,Jasmin,213,215,4,
215,Ranelagh,214,216,3,
216,La Muette,215,217,1,
217,Rue de la Pompe,216,218,2,
218,Trocadéro,217,219,3,
219,Iéna,218,220,1,
220,Alma - Marceau,219,221,2,
221,Franklin D. Roosevelt,220,222,3,
222,Saint-Philippe du Roule,221,223,3,
223,Miromesnil,222,224,3,
224,Saint-Augustin,223,225,2,
225,Havre-Caumartin,224,226,4,
226,Chaussée d'Antin - La Fayette,225,227,2,
227,Richelieu - Drouot,226,228,2,
228,Grands Boulevards,227,229,4,
229,Bonne Nouvelle,228,230,3,
230,Strasbourg - Saint-Denis,229,231,4,
231,République,230,232,3,4
232,Oberkampf,231,233,3,
233,Saint-Ambroise,232,234,1,
234,Voltaire,233,235,2,
235,Charonne,234,236,2,
236,Rue des Boulets,235,237,2,
237,Nation,236,238,5,4
238,Buzenval,237,239,2,
239,Maraîchers,238,240,4,
240,Porte de Montreuil,239,,,
241,Gare d'Austerlitz,,242,3,
242,Jussieu,241,243,4,
243,Cardinal Lemoine,242,244,3,
244,Maubert - Mutualité,243,245,3,
245,Cluny - La Sorbonne,244,246,3,
246,Odéon,245,247,2,
247,Mabillon,246,248,4,
248,Sèvres - Babylone,247,249,2,
249,Vaneau,248,250,1,
250,Duroc,249,251,3,
251,Ségur,250,252,2,
252,La Motte-Picquet - Grenelle,251,253,5,
253,Avenue Emile Zola,252,254,5,
254,Charles Michels,253,255,5,
255,Javel - André Citroën,254,256,2,
256,Eglise d'Auteuil,255,257,1,
257,Michel-Ange - Auteuil,256,258,5,
258,Porte d'Auteuil,257,259,3,
259,Michel-Ange - Molitor,258,260,5,
260,Chardon Lagache,259,261,5,
261,Mirabeau,260,,,
262,Châtelet,,263,4,4
263,Hôtel de Ville,262,264,2,
264,Rambuteau,263,265,2,
265,Arts et Métiers,264,266,4,
266,République,265,267,2,4
267,Goncourt,266,268,2,
268,Belleville,267,269,3,
269,Pyrénées,268,270,5,
270,Jourdain,269,271,3,
271,Place des FÃªtes,270,272,3,
272,Télégraphe,271,273,1,
273,Porte des Lilas,272,,,
274,Porte de la Chapelle,,275,3,
275,Marx Dormoy,274,276,5,
276,Marcadet - Poissonniers,275,277,2,
277,Jules Joffrin,276,278,3,
278,Lamarck - Caulaincourt,277,279,4,
279,Abbesses,278,280,4,
280,Pigalle,279,281,3,
281,Saint-Georges,280,282,4,
282,Notre-Dame-de-Lorette,281,283,2,
283,Trinité - d'Estienne d'Orves,282,284,2,
284,Saint-Lazare,283,285,4,4
285,Madeleine,284,286,4,
286,Concorde,285,287,4,
287,Assemblée Nationale,286,288,5,
288,Solférino,287,289,3,
289,Rue du Bac,288,290,3,
290,Sèvres - Babylone,289,291,4,
291,Rennes,290,292,3,
292,Notre-Dame des Champs,291,293,4,
293,Montparnasse Bienvenue,292,294,4,
294,Falguière,293,295,4,
295,Pasteur,294,296,2,
296,Volontaires,295,297,2,
297,Vaugirard,296,298,1,
298,Convention,297,299,3,
299,Porte de Versailles,298,,,
300,Porte de Vanves,,301,1,
301,Plaisance,300,302,3,
302,Pernety,301,303,3,
303,Gaîté,302,304,2,
304,Montparnasse Bienvenue,303,305,3,
305,Duroc,304,306,1,
306,Saint-François-Xavier,305,307,1,
307,Varenne,306,308,4,
308,Invalides,307,309,2,
309,Champs-Elysées - Clemenceau,308,310,2,
310,Miromesnil,309,311,3,
311,Saint-Lazare,310,312,4,4
312,Liège,311,313,2,
313,Place de Clichy,312,314,3,
314,La Fourche,313,315,1,
315,Guy Môquet,314,316,1,
316,Porte de Saint-Ouen,315,317,3,
317,La Fourche,316,318,3,
318,Brochant,317,319,3,
319,Porte de Clichy,318,,,
320,Porte de Clichy,,321,4,
321,Pont Cardinet,320,322,5,
322,Saint-Lazare,321,323,3,4
323,Madeleine,322,324,2,
324,Pyramides,323,325,4,
325,Châtelet,324,326,2,4
326,Gare de Lyon,325,327,3,4
327,Bercy,326,328,1,
328,Cour Saint-Emilion,327,329,1,
329,Bibliothèque François Mitterrand,328,330,5,
330,Olympiades,329,331,4,
331,Olympiades,330,332,3,
332,Maison Blanche,331,,,
